email,nombre,edad,pais
user1@ejemplo.com,Lucia Garcia,46,Peru
user2@ejemplo.com,Juan Garcia,52,Peru
user3@ejemplo.com,Juan Garcia,64,Colombia
user4@ejemplo.com,Sofia Martinez,28,Chile
user5@ejemplo.com,Carlos Martinez,32,España
user6@ejemplo.com,Luis Martinez,49,Argentina
user7@ejemplo.com,Ana Gonzalez,18,Colombia
user8@ejemplo.com,Juan Hernandez,51,Colombia
user9@ejemplo.com,Ana Lopez,24,Chile
user10@ejemplo.com,Ana Hernandez,56,Colombia
user11@ejemplo.com,Sofia Garcia,38,Mexico
user12@ejemplo.com,Maria Gonzalez,32,Chile
user13@ejemplo.com,Diego Garcia,26,Colombia
user14@ejemplo.com,Maria Garcia,44,Guatemala
user15@ejemplo.com,Elena Garcia,36,Guatemala
user16@ejemplo.com,Ana Rodriguez,62,España
user17@ejemplo.com,Sofia Perez,55,Chile
user18@ejemplo.com,Pedro Gomez,65,Guatemala
user19@ejemplo.com,Lucia Hernandez,19,Peru
user20@ejemplo.com,Juan Hernandez,36,Mexico
user21@ejemplo.com,Juan Rodriguez,59,Guatemala
user22@ejemplo.com,Carlos Gomez,35,Peru
user23@ejemplo.com,Pedro Hernandez,47,Argentina
user24@ejemplo.com,Carlos Lopez,44,Guatemala
user25@ejemplo.com,Carlos Gomez,59,Colombia
user26@ejemplo.com,Elena Hernandez,20,Mexico
user27@ejemplo.com,Carlos Martinez,27,Mexico
user28@ejemplo.com,Maria Lopez,58,Colombia
user29@ejemplo.com,Maria Rodriguez,58,Guatemala
user30@ejemplo.com,Sofia Garcia,43,Colombia
user31@ejemplo.com,Diego Gonzalez,53,Chile
user32@ejemplo.com,Elena Rodriguez,34,Argentina
user33@ejemplo.com,Elena Martinez,37,Mexico
user34@ejemplo.com,Pedro Rodriguez,18,España
user35@ejemplo.com,Lucia Gomez,21,Peru
user36@ejemplo.com,Pedro Hernandez,25,Chile
user37@ejemplo.com,Carlos Garcia,32,Guatemala
user38@ejemplo.com,Elena Gonzalez,64,Argentina
user39@ejemplo.com,Sofia Gomez,56,Peru
user40@ejemplo.com,Diego Gomez,27,Colombia
user41@ejemplo.com,Carlos Lopez,19,Peru
user42@ejemplo.com,Lucia Perez,51,España
user43@ejemplo.com,Diego Martinez,58,Guatemala
user44@ejemplo.com,Carlos Hernandez,24,Chile
user45@ejemplo.com,Diego Hernandez,50,Mexico
user46@ejemplo.com,Juan Perez,46,España
user47@ejemplo.com,Elena Perez,38,Mexico
user48@ejemplo.com,Elena Garcia,36,Mexico
user49@ejemplo.com,Juan Gomez,32,Guatemala
user50@ejemplo.com,Lucia Gomez,40,Mexico
user51@ejemplo.com,Juan Perez,60,Argentina
user52@ejemplo.com,Luis Lopez,34,Argentina
user53@ejemplo.com,Carlos Perez,54,Guatemala
user54@ejemplo.com,Luis Lopez,40,Chile
user55@ejemplo.com,Luis Martinez,43,Argentina
user56@ejemplo.com,Juan Martinez,64,Chile
user57@ejemplo.com,Elena Perez,34,Chile
user58@ejemplo.com,Maria Gomez,63,Colombia
user59@ejemplo.com,Juan Lopez,29,Peru
user60@ejemplo.com,Elena Hernandez,53,Chile
user61@ejemplo.com,Luis Hernandez,27,Chile
user62@ejemplo.com,Maria Lopez,44,España
user63@ejemplo.com,Pedro Hernandez,65,Peru
user64@ejemplo.com,Sofia Lopez,59,España
user65@ejemplo.com,Sofia Lopez,50,Colombia
user66@ejemplo.com,Pedro Lopez,33,Guatemala
user67@ejemplo.com,Maria Perez,32,Colombia
user68@ejemplo.com,Maria Martinez,44,Colombia
user69@ejemplo.com,Diego Martinez,27,Colombia
user70@ejemplo.com,Maria Martinez,48,Colombia
user71@ejemplo.com,Carlos Hernandez,37,Argentina
user72@ejemplo.com,Luis Martinez,56,España
user73@ejemplo.com,Sofia Lopez,50,Mexico
user74@ejemplo.com,Juan Lopez,46,Colombia
user75@ejemplo.com,Elena Gonzalez,35,Guatemala
user76@ejemplo.com,Sofia Gomez,54,Colombia
user77@ejemplo.com,Sofia Rodriguez,59,España
user78@ejemplo.com,Maria Lopez,62,Guatemala
user79@ejemplo.com,Juan Perez,50,Colombia
user80@ejemplo.com,Sofia Gonzalez,41,Chile
user81@ejemplo.com,Diego Garcia,45,Mexico
user82@ejemplo.com,Maria Martinez,58,Peru
user83@ejemplo.com,Pedro Hernandez,20,Guatemala
user84@ejemplo.com,Pedro Gonzalez,41,Argentina
user85@ejemplo.com,Ana Gomez,54,Peru
user86@ejemplo.com,Carlos Gomez,48,Chile
user87@ejemplo.com,Maria Gomez,32,España
user88@ejemplo.com,Maria Rodriguez,20,España
user89@ejemplo.com,Sofia Garcia,35,Colombia
user90@ejemplo.com,Pedro Garcia,54,Colombia
user91@ejemplo.com,Carlos Gomez,19,Guatemala
user92@ejemplo.com,Pedro Perez,29,Mexico
user93@ejemplo.com,Sofia Hernandez,27,España
user94@ejemplo.com,Pedro Hernandez,25,Guatemala
user95@ejemplo.com,Ana Gonzalez,62,Colombia
user96@ejemplo.com,Carlos Garcia,31,Chile
user97@ejemplo.com,Lucia Perez,31,Colombia
user98@ejemplo.com,Diego Perez,65,Colombia
user99@ejemplo.com,Carlos Gomez,51,Guatemala
user100@ejemplo.com,Sofia Garcia,41,España
user101@ejemplo.com,Juan Hernandez,37,España
user102@ejemplo.com,Ana Martinez,35,Chile
user103@ejemplo.com,Juan Lopez,61,Guatemala
user104@ejemplo.com,Diego Garcia,60,Guatemala
user105@ejemplo.com,Sofia Hernandez,54,Mexico
user106@ejemplo.com,Juan Lopez,59,Colombia
user107@ejemplo.com,Ana Perez,23,Colombia
user108@ejemplo.com,Carlos Perez,20,Argentina
user109@ejemplo.com,Pedro Martinez,63,Mexico
user110@ejemplo.com,Diego Gomez,53,Argentina
user111@ejemplo.com,Ana Gomez,59,Peru
user112@ejemplo.com,Luis Hernandez,49,Peru
user113@ejemplo.com,Luis Hernandez,36,Chile
user114@ejemplo.com,Pedro Gonzalez,46,Mexico
user115@ejemplo.com,Carlos Martinez,64,Colombia
user116@ejemplo.com,Elena Garcia,52,Colombia
user117@ejemplo.com,Juan Perez,45,Colombia
user118@ejemplo.com,Luis Gonzalez,56,Colombia
user119@ejemplo.com,Sofia Rodriguez,34,España
user120@ejemplo.com,Luis Perez,39,Colombia
user121@ejemplo.com,Carlos Gomez,18,España
user122@ejemplo.com,Juan Hernandez,64,Chile
user123@ejemplo.com,Ana Garcia,52,Argentina
user124@ejemplo.com,Carlos Gonzalez,32,Peru
user125@ejemplo.com,Ana Martinez,35,Guatemala
user126@ejemplo.com,Pedro Garcia,54,Peru
user127@ejemplo.com,Elena Rodriguez,58,Argentina
user128@ejemplo.com,Juan Hernandez,51,Argentina
user129@ejemplo.com,Elena Lopez,64,Mexico
user130@ejemplo.com,Ana Gomez,62,Chile
user131@ejemplo.com,Carlos Lopez,59,Peru
user132@ejemplo.com,Juan Martinez,58,Mexico
user133@ejemplo.com,Pedro Hernandez,41,Colombia
user134@ejemplo.com,Luis Gonzalez,30,Colombia
user135@ejemplo.com,Juan Gomez,35,Guatemala
user136@ejemplo.com,Luis Gomez,37,Colombia
user137@ejemplo.com,Pedro Rodriguez,42,Mexico
user138@ejemplo.com,Juan Rodriguez,43,Peru
user139@ejemplo.com,Maria Rodriguez,29,Chile
user140@ejemplo.com,Lucia Lopez,61,Colombia
user141@ejemplo.com,Lucia Rodriguez,22,Argentina
user142@ejemplo.com,Elena Rodriguez,50,Peru
user143@ejemplo.com,Ana Hernandez,27,Argentina
user144@ejemplo.com,Luis Gonzalez,24,Colombia
user145@ejemplo.com,Sofia Lopez,33,Mexico
user146@ejemplo.com,Lucia Lopez,56,Peru
user147@ejemplo.com,Juan Gomez,48,Peru
user148@ejemplo.com,Ana Garcia,26,Guatemala
user149@ejemplo.com,Pedro Rodriguez,56,Argentina
user150@ejemplo.com,Carlos Hernandez,28,Guatemala
user151@ejemplo.com,Lucia Hernandez,30,Mexico
user152@ejemplo.com,Ana Lopez,50,Colombia
user153@ejemplo.com,Juan Rodriguez,41,Peru
user154@ejemplo.com,Ana Garcia,42,Guatemala
user155@ejemplo.com,Pedro Gomez,33,Mexico
user156@ejemplo.com,Pedro Perez,55,Chile
user157@ejemplo.com,Diego Perez,56,Chile
user158@ejemplo.com,Juan Gomez,29,Guatemala
user159@ejemplo.com,Lucia Rodriguez,26,Guatemala
user160@ejemplo.com,Elena Rodriguez,34,Argentina
user161@ejemplo.com,Lucia Lopez,60,España
user162@ejemplo.com,Maria Lopez,44,Colombia
user163@ejemplo.com,Luis Martinez,33,Mexico
user164@ejemplo.com,Juan Martinez,41,Mexico
user165@ejemplo.com,Luis Hernandez,36,España
user166@ejemplo.com,Lucia Garcia,48,Argentina
user167@ejemplo.com,Sofia Perez,28,Colombia
user168@ejemplo.com,Diego Hernandez,50,Chile
user169@ejemplo.com,Elena Rodriguez,28,Mexico
user170@ejemplo.com,Maria Martinez,22,Guatemala
user171@ejemplo.com,Diego Hernandez,26,Mexico
user172@ejemplo.com,Ana Lopez,29,Colombia
user173@ejemplo.com,Ana Gonzalez,25,Guatemala
user174@ejemplo.com,Carlos Lopez,22,Argentina
user175@ejemplo.com,Juan Rodriguez,22,Argentina
user176@ejemplo.com,Diego Rodriguez,44,España
user177@ejemplo.com,Luis Perez,41,Argentina
user178@ejemplo.com,Sofia Gomez,62,Mexico
user179@ejemplo.com,Juan Lopez,27,Chile
user180@ejemplo.com,Carlos Gomez,41,Chile
user181@ejemplo.com,Lucia Garcia,46,Peru
user182@ejemplo.com,Maria Gomez,36,Colombia
user183@ejemplo.com,Elena Hernandez,19,Colombia
user184@ejemplo.com,Carlos Garcia,48,España
user185@ejemplo.com,Elena Perez,29,España
user186@ejemplo.com,Carlos Gonzalez,58,Chile
user187@ejemplo.com,Elena Martinez,61,Mexico
user188@ejemplo.com,Luis Garcia,36,España
user189@ejemplo.com,Pedro Martinez,48,Colombia
user190@ejemplo.com,Carlos Lopez,58,Chile
user191@ejemplo.com,Luis Hernandez,23,Argentina
user192@ejemplo.com,Sofia Lopez,32,Chile
user193@ejemplo.com,Sofia Lopez,30,Peru
user194@ejemplo.com,Elena Perez,59,Colombia
user195@ejemplo.com,Sofia Gonzalez,52,Chile
user196@ejemplo.com,Carlos Gomez,30,Chile
user197@ejemplo.com,Ana Martinez,29,Guatemala
user198@ejemplo.com,Sofia Garcia,45,Chile
user199@ejemplo.com,Lucia Martinez,18,Colombia
user200@ejemplo.com,Carlos Gomez,64,Guatemala
user201@ejemplo.com,Elena Hernandez,63,España
user202@ejemplo.com,Diego Hernandez,51,Peru
user203@ejemplo.com,Luis Gomez,49,Guatemala
user204@ejemplo.com,Lucia Perez,65,Argentina
user205@ejemplo.com,Pedro Garcia,49,Chile
user206@ejemplo.com,Diego Perez,57,Chile
user207@ejemplo.com,Diego Garcia,53,España
user208@ejemplo.com,Diego Martinez,53,Colombia
user209@ejemplo.com,Carlos Garcia,22,Colombia
user210@ejemplo.com,Maria Martinez,42,Peru
user211@ejemplo.com,Carlos Gonzalez,64,Guatemala
user212@ejemplo.com,Maria Hernandez,62,Peru
user213@ejemplo.com,Pedro Gomez,21,Chile
user214@ejemplo.com,Elena Martinez,60,Mexico
user215@ejemplo.com,Carlos Gonzalez,22,Peru
user216@ejemplo.com,Ana Perez,48,Argentina
user217@ejemplo.com,Diego Martinez,48,Guatemala
user218@ejemplo.com,Luis Martinez,26,Mexico
user219@ejemplo.com,Pedro Garcia,65,Guatemala
user220@ejemplo.com,Juan Gonzalez,31,Peru
user221@ejemplo.com,Carlos Gomez,39,Mexico
user222@ejemplo.com,Juan Garcia,29,Guatemala
user223@ejemplo.com,Carlos Perez,54,España
user224@ejemplo.com,Maria Perez,28,Colombia
user225@ejemplo.com,Juan Rodriguez,39,Colombia
user226@ejemplo.com,Diego Rodriguez,50,España
user227@ejemplo.com,Ana Rodriguez,65,Colombia
user228@ejemplo.com,Pedro Rodriguez,24,Mexico
user229@ejemplo.com,Carlos Hernandez,54,Mexico
user230@ejemplo.com,Juan Gonzalez,32,Guatemala
user231@ejemplo.com,Lucia Hernandez,61,Chile
user232@ejemplo.com,Sofia Gonzalez,49,Colombia
user233@ejemplo.com,Elena Hernandez,48,Mexico
user234@ejemplo.com,Carlos Lopez,40,Peru
user235@ejemplo.com,Carlos Rodriguez,41,Argentina
user236@ejemplo.com,Maria Lopez,45,España
user237@ejemplo.com,Diego Gonzalez,52,España
user238@ejemplo.com,Lucia Garcia,53,Chile
user239@ejemplo.com,Ana Gonzalez,31,Chile
user240@ejemplo.com,Ana Martinez,53,Chile
user241@ejemplo.com,Maria Gonzalez,59,Chile
user242@ejemplo.com,Carlos Martinez,46,Peru
user243@ejemplo.com,Pedro Martinez,61,Argentina
user244@ejemplo.com,Lucia Perez,42,Chile
user245@ejemplo.com,Ana Gomez,54,España
user246@ejemplo.com,Sofia Rodriguez,61,Guatemala
user247@ejemplo.com,Juan Perez,33,Colombia
user248@ejemplo.com,Diego Gomez,39,Argentina
user249@ejemplo.com,Sofia Perez,52,Argentina
user250@ejemplo.com,Carlos Garcia,52,España
user251@ejemplo.com,Pedro Gomez,54,Guatemala
user252@ejemplo.com,Sofia Hernandez,27,Colombia
user253@ejemplo.com,Lucia Garcia,22,Argentina
user254@ejemplo.com,Pedro Gonzalez,53,Guatemala
user255@ejemplo.com,Pedro Rodriguez,45,Argentina
user256@ejemplo.com,Lucia Perez,20,Peru
user257@ejemplo.com,Diego Gomez,55,Argentina
user258@ejemplo.com,Maria Rodriguez,60,Mexico
user259@ejemplo.com,Ana Perez,26,Mexico
user260@ejemplo.com,Sofia Gonzalez,21,Chile
user261@ejemplo.com,Juan Gonzalez,34,Chile
user262@ejemplo.com,Sofia Hernandez,61,Chile
user263@ejemplo.com,Carlos Lopez,33,España
user264@ejemplo.com,Sofia Garcia,42,Guatemala
user265@ejemplo.com,Elena Gonzalez,19,Colombia
user266@ejemplo.com,Elena Hernandez,47,Peru
user267@ejemplo.com,Carlos Gomez,63,Argentina
user268@ejemplo.com,Elena Rodriguez,37,Guatemala
user269@ejemplo.com,Pedro Gonzalez,65,Mexico
user270@ejemplo.com,Diego Perez,60,Colombia
user271@ejemplo.com,Ana Gonzalez,26,España
user272@ejemplo.com,Pedro Perez,64,Mexico
user273@ejemplo.com,Sofia Hernandez,54,Guatemala
user274@ejemplo.com,Diego Martinez,47,Colombia
user275@ejemplo.com,Ana Garcia,29,Chile
user276@ejemplo.com,Pedro Hernandez,23,Chile
user277@ejemplo.com,Sofia Lopez,53,España
user278@ejemplo.com,Sofia Hernandez,20,Mexico
user279@ejemplo.com,Diego Gonzalez,51,Mexico
user280@ejemplo.com,Lucia Perez,40,Guatemala
user281@ejemplo.com,Lucia Lopez,46,España
user282@ejemplo.com,Lucia Rodriguez,30,Guatemala
user283@ejemplo.com,Diego Gomez,44,Chile
user284@ejemplo.com,Juan Rodriguez,35,Argentina
user285@ejemplo.com,Lucia Gonzalez,48,Peru
user286@ejemplo.com,Elena Gomez,53,Peru
user287@ejemplo.com,Pedro Rodriguez,63,Guatemala
user288@ejemplo.com,Ana Perez,31,Guatemala
user289@ejemplo.com,Elena Perez,55,Colombia
user290@ejemplo.com,Pedro Rodriguez,33,Mexico
user291@ejemplo.com,Pedro Rodriguez,45,Guatemala
user292@ejemplo.com,Maria Perez,35,Guatemala
user293@ejemplo.com,Sofia Martinez,58,Mexico
user294@ejemplo.com,Carlos Hernandez,28,Chile
user295@ejemplo.com,Juan Hernandez,41,Peru
user296@ejemplo.com,Maria Gomez,57,Peru
user297@ejemplo.com,Diego Gomez,22,Argentina
user298@ejemplo.com,Elena Gonzalez,54,Guatemala
user299@ejemplo.com,Juan Rodriguez,55,Argentina
user300@ejemplo.com,Pedro Perez,36,España
user301@ejemplo.com,Elena Gomez,18,Argentina
user302@ejemplo.com,Carlos Perez,35,Chile
user303@ejemplo.com,Maria Hernandez,59,Guatemala
user304@ejemplo.com,Elena Rodriguez,62,Guatemala
user305@ejemplo.com,Pedro Garcia,30,Mexico
user306@ejemplo.com,Juan Rodriguez,64,Argentina
user307@ejemplo.com,Sofia Lopez,53,Chile
user308@ejemplo.com,Diego Gonzalez,27,Mexico
user309@ejemplo.com,Lucia Rodriguez,49,Chile
user310@ejemplo.com,Ana Gonzalez,28,España
user311@ejemplo.com,Elena Lopez,39,Colombia
user312@ejemplo.com,Luis Gomez,43,Chile
user313@ejemplo.com,Diego Hernandez,25,España
user314@ejemplo.com,Ana Perez,44,Mexico
user315@ejemplo.com,Juan Hernandez,21,Mexico
user316@ejemplo.com,Pedro Lopez,55,Chile
user317@ejemplo.com,Elena Hernandez,24,Colombia
user318@ejemplo.com,Ana Gomez,60,Chile
user319@ejemplo.com,Sofia Perez,41,Mexico
user320@ejemplo.com,Ana Garcia,23,Chile
user321@ejemplo.com,Maria Rodriguez,43,Chile
user322@ejemplo.com,Pedro Lopez,38,Colombia
user323@ejemplo.com,Juan Gomez,52,Argentina
user324@ejemplo.com,Pedro Perez,52,Argentina
user325@ejemplo.com,Pedro Perez,56,Argentina
user326@ejemplo.com,Pedro Garcia,25,Argentina
user327@ejemplo.com,Maria Rodriguez,40,Peru
user328@ejemplo.com,Maria Martinez,35,Chile
user329@ejemplo.com,Sofia Gomez,44,Mexico
user330@ejemplo.com,Sofia Martinez,36,España
user331@ejemplo.com,Ana Gomez,41,Chile
user332@ejemplo.com,Ana Garcia,61,Colombia
user333@ejemplo.com,Lucia Gonzalez,35,Argentina
user334@ejemplo.com,Juan Gomez,32,Peru
user335@ejemplo.com,Ana Gomez,41,Argentina
user336@ejemplo.com,Ana Gonzalez,59,España
user337@ejemplo.com,Sofia Hernandez,48,Colombia
user338@ejemplo.com,Ana Lopez,63,Colombia
user339@ejemplo.com,Maria Perez,37,Guatemala
user340@ejemplo.com,Carlos Lopez,23,Argentina
user341@ejemplo.com,Diego Lopez,30,España
user342@ejemplo.com,Maria Lopez,64,Chile
user343@ejemplo.com,Maria Martinez,59,Argentina
user344@ejemplo.com,Carlos Martinez,52,España
user345@ejemplo.com,Ana Perez,18,Argentina
user346@ejemplo.com,Elena Perez,26,Argentina
user347@ejemplo.com,Diego Hernandez,39,Colombia
user348@ejemplo.com,Pedro Martinez,25,Chile
user349@ejemplo.com,Elena Rodriguez,62,España
user350@ejemplo.com,Maria Martinez,36,Argentina
user351@ejemplo.com,Maria Hernandez,44,Peru
user352@ejemplo.com,Juan Gonzalez,57,Argentina
user353@ejemplo.com,Juan Martinez,27,Chile
user354@ejemplo.com,Lucia Gonzalez,61,Argentina
user355@ejemplo.com,Ana Martinez,61,Colombia
user356@ejemplo.com,Sofia Gonzalez,57,Guatemala
user357@ejemplo.com,Luis Lopez,58,Mexico
user358@ejemplo.com,Ana Garcia,60,Argentina
user359@ejemplo.com,Elena Rodriguez,23,Mexico
user360@ejemplo.com,Carlos Gomez,38,Colombia
user361@ejemplo.com,Lucia Rodriguez,35,Peru
user362@ejemplo.com,Ana Gonzalez,27,Colombia
user363@ejemplo.com,Lucia Rodriguez,65,Peru
user364@ejemplo.com,Carlos Garcia,63,Chile
user365@ejemplo.com,Luis Martinez,43,Mexico
user366@ejemplo.com,Sofia Garcia,54,Colombia
user367@ejemplo.com,Juan Martinez,43,Colombia
user368@ejemplo.com,Pedro Garcia,62,Chile
user369@ejemplo.com,Luis Gonzalez,40,Mexico
user370@ejemplo.com,Pedro Gonzalez,23,España
user371@ejemplo.com,Lucia Gomez,57,Peru
user372@ejemplo.com,Pedro Gomez,19,Argentina
user373@ejemplo.com,Lucia Martinez,47,Chile
user374@ejemplo.com,Diego Gomez,38,España
user375@ejemplo.com,Elena Martinez,27,Colombia
user376@ejemplo.com,Maria Lopez,46,Guatemala
user377@ejemplo.com,Ana Garcia,25,Mexico
user378@ejemplo.com,Ana Perez,43,Chile
user379@ejemplo.com,Ana Hernandez,57,Peru
user380@ejemplo.com,Carlos Lopez,50,Chile
user381@ejemplo.com,Pedro Garcia,34,Colombia
user382@ejemplo.com,Elena Rodriguez,38,España
user383@ejemplo.com,Sofia Rodriguez,43,Argentina
user384@ejemplo.com,Pedro Rodriguez,64,Guatemala
user385@ejemplo.com,Sofia Gonzalez,34,Colombia
user386@ejemplo.com,Pedro Garcia,35,Mexico
user387@ejemplo.com,Pedro Martinez,59,Peru
user388@ejemplo.com,Lucia Garcia,47,Colombia
user389@ejemplo.com,Sofia Lopez,49,España
user390@ejemplo.com,Juan Hernandez,57,Peru
user391@ejemplo.com,Maria Lopez,33,España
user392@ejemplo.com,Elena Gonzalez,34,Mexico
user393@ejemplo.com,Luis Gonzalez,29,Argentina
user394@ejemplo.com,Elena Hernandez,58,Colombia
user395@ejemplo.com,Lucia Gomez,56,Guatemala
user396@ejemplo.com,Ana Gonzalez,18,Colombia
user397@ejemplo.com,Pedro Rodriguez,36,Peru
user398@ejemplo.com,Lucia Lopez,52,España
user399@ejemplo.com,Pedro Rodriguez,51,Chile
user400@ejemplo.com,Lucia Hernandez,36,Peru
user401@ejemplo.com,Ana Gomez,33,Guatemala
user402@ejemplo.com,Pedro Lopez,21,Argentina
user403@ejemplo.com,Carlos Perez,58,Guatemala
user404@ejemplo.com,Lucia Perez,53,Peru
user405@ejemplo.com,Ana Gonzalez,46,Peru
user406@ejemplo.com,Elena Rodriguez,35,Colombia
user407@ejemplo.com,Juan Gonzalez,49,Argentina
user408@ejemplo.com,Elena Gonzalez,23,Mexico
user409@ejemplo.com,Carlos Garcia,38,Guatemala
user410@ejemplo.com,Pedro Lopez,39,Colombia
user411@ejemplo.com,Lucia Garcia,48,Peru
user412@ejemplo.com,Luis Garcia,25,Guatemala
user413@ejemplo.com,Diego Hernandez,54,España
user414@ejemplo.com,Maria Lopez,42,Chile
user415@ejemplo.com,Juan Gonzalez,64,Guatemala
user416@ejemplo.com,Sofia Gonzalez,25,España
user417@ejemplo.com,Ana Gomez,33,Peru
user418@ejemplo.com,Maria Gomez,20,Colombia
user419@ejemplo.com,Pedro Garcia,62,Mexico
user420@ejemplo.com,Juan Rodriguez,27,Peru
user421@ejemplo.com,Juan Hernandez,54,Chile
user422@ejemplo.com,Pedro Hernandez,38,Mexico
user423@ejemplo.com,Elena Gomez,48,Argentina
user424@ejemplo.com,Maria Hernandez,20,España
user425@ejemplo.com,Ana Gonzalez,43,Colombia
user426@ejemplo.com,Diego Gomez,48,Mexico
user427@ejemplo.com,Luis Lopez,37,Chile
user428@ejemplo.com,Luis Rodriguez,45,Colombia
user429@ejemplo.com,Pedro Hernandez,45,Chile
user430@ejemplo.com,Juan Gomez,37,Mexico
user431@ejemplo.com,Ana Garcia,62,Colombia
user432@ejemplo.com,Luis Martinez,59,Colombia
user433@ejemplo.com,Diego Martinez,43,Argentina
user434@ejemplo.com,Sofia Hernandez,55,Peru
user435@ejemplo.com,Juan Gomez,35,Peru
user436@ejemplo.com,Luis Gonzalez,22,Chile
user437@ejemplo.com,Elena Lopez,59,Colombia
user438@ejemplo.com,Sofia Gomez,54,Mexico
user439@ejemplo.com,Pedro Martinez,32,Guatemala
user440@ejemplo.com,Pedro Hernandez,35,Mexico
user441@ejemplo.com,Maria Garcia,23,Argentina
user442@ejemplo.com,Luis Rodriguez,34,Colombia
user443@ejemplo.com,Carlos Hernandez,53,Argentina
user444@ejemplo.com,Lucia Gonzalez,33,Peru
user445@ejemplo.com,Luis Rodriguez,65,Colombia
user446@ejemplo.com,Luis Hernandez,45,Peru
user447@ejemplo.com,Carlos Martinez,63,Guatemala
user448@ejemplo.com,Maria Gomez,50,Mexico
user449@ejemplo.com,Lucia Rodriguez,23,Colombia
user450@ejemplo.com,Ana Perez,34,Guatemala
user451@ejemplo.com,Juan Gonzalez,57,Peru
user452@ejemplo.com,Diego Lopez,57,España
user453@ejemplo.com,Lucia Gonzalez,23,Chile
user454@ejemplo.com,Luis Perez,21,Colombia
user455@ejemplo.com,Elena Gonzalez,43,Guatemala
user456@ejemplo.com,Carlos Martinez,32,España
user457@ejemplo.com,Luis Hernandez,42,Mexico
user458@ejemplo.com,Carlos Perez,22,Colombia
user459@ejemplo.com,Maria Rodriguez,50,Argentina
user460@ejemplo.com,Lucia Martinez,45,Mexico
user461@ejemplo.com,Carlos Martinez,28,Chile
user462@ejemplo.com,Pedro Martinez,35,Mexico
user463@ejemplo.com,Elena Lopez,50,Chile
user464@ejemplo.com,Ana Gonzalez,54,Guatemala
user465@ejemplo.com,Carlos Garcia,58,Argentina
user466@ejemplo.com,Elena Perez,63,Argentina
user467@ejemplo.com,Sofia Lopez,21,Guatemala
user468@ejemplo.com,Luis Gonzalez,63,Argentina
user469@ejemplo.com,Sofia Gonzalez,49,Peru
user470@ejemplo.com,Pedro Rodriguez,34,Chile
user471@ejemplo.com,Elena Hernandez,43,Mexico
user472@ejemplo.com,Luis Hernandez,25,Colombia
user473@ejemplo.com,Juan Gomez,21,España
user474@ejemplo.com,Diego Hernandez,54,Peru
user475@ejemplo.com,Elena Martinez,63,Guatemala
user476@ejemplo.com,Carlos Rodriguez,43,Colombia
user477@ejemplo.com,Juan Perez,55,Peru
user478@ejemplo.com,Maria Lopez,38,Guatemala
user479@ejemplo.com,Lucia Garcia,54,Argentina
user480@ejemplo.com,Maria Perez,46,Peru
user481@ejemplo.com,Sofia Garcia,38,Peru
user482@ejemplo.com,Pedro Gonzalez,30,Colombia
user483@ejemplo.com,Carlos Gonzalez,49,Guatemala
user484@ejemplo.com,Ana Rodriguez,64,Mexico
user485@ejemplo.com,Luis Gomez,35,España
user486@ejemplo.com,Lucia Perez,48,Guatemala
user487@ejemplo.com,Elena Garcia,19,Colombia
user488@ejemplo.com,Pedro Gomez,58,Mexico
user489@ejemplo.com,Sofia Lopez,52,Colombia
user490@ejemplo.com,Elena Gonzalez,63,Argentina
user491@ejemplo.com,Pedro Hernandez,55,España
user492@ejemplo.com,Ana Gomez,60,Guatemala
user493@ejemplo.com,Elena Gomez,40,Peru
user494@ejemplo.com,Elena Perez,41,Peru
user495@ejemplo.com,Maria Gomez,22,Chile
user496@ejemplo.com,Diego Gomez,44,Mexico
user497@ejemplo.com,Lucia Gomez,45,Mexico
user498@ejemplo.com,Ana Gonzalez,21,Guatemala
user499@ejemplo.com,Juan Rodriguez,47,Chile
user500@ejemplo.com,Carlos Hernandez,46,Peru
